{"session_id":"simulator-1747692318","fps":56.01608970351039,"latency_ms":41.550702362609755,"bitrate_kbps":2752.879743153533,"outliers":["bitrate"]}
{"session_id":"simulator-1747692318","fps":58.44737557129936,"latency_ms":34.640827944495854,"bitrate_kbps":2654.9055256911342,"outliers":["bitrate"]}
{"session_id":"simulator-1747692318","fps":61.02527082767938,"latency_ms":47.47019170386342,"bitrate_kbps":2584.917458236525,"outliers":["latency","bitrate"]}
{"session_id":"simulator-1747692318","fps":64.28936787687678,"latency_ms":45.4857295230311,"bitrate_kbps":3117.084767004909,"outliers":["latency"]}
{"session_id":"simulator-1747692318","fps":62.73830547221081,"latency_ms":48.60187832934856,"bitrate_kbps":2838.602438258212,"outliers":["latency","bitrate"]}
{"session_id":"simulator-1747692318","fps":63.18430846288432,"latency_ms":43.17487820606344,"bitrate_kbps":2688.8839032996493,"outliers":["bitrate"]}
{"session_id":"simulator-1747692318","fps":59.2206213122314,"latency_ms":44.3612522552588,"bitrate_kbps":3152.817093985942}
{"session_id":"simulator-1747692318","fps":59.091726152712226,"latency_ms":48.24694928427131,"bitrate_kbps":3115.8047781849905,"outliers":["latency"]}
{"session_id":"simulator-1747692318","fps":59.551498453372446,"latency_ms":34.24396851547879,"bitrate_kbps":3404.9621627940587}
{"session_id":"simulator-1747692318","fps":55.9172647991073,"latency_ms":40.02296720837276,"bitrate_kbps":2665.1519027078284,"outliers":["bitrate"]}
{"session_id":"simulator-1747692318","fps":57.433061309646746,"latency_ms":38.6591033793409,"bitrate_kbps":3235.1305270769285}
{"session_id":"simulator-1747692318","fps":60.356744943526486,"latency_ms":34.66553996008871,"bitrate_kbps":2514.7018886781634,"outliers":["bitrate"]}
