{"session_id":"simulator-1747699580","fps":55.544981792204574,"latency_ms":86.85174748843718,"bitrate_kbps":2715.128272780614}
{"session_id":"simulator-1747699580","fps":64.94660702182935,"latency_ms":54.43159855614144,"bitrate_kbps":2924.4001219329516}
{"session_id":"simulator-1747699580","fps":60.61306255502062,"latency_ms":57.668714638603916,"bitrate_kbps":3434.8782631047598}
{"session_id":"simulator-1747699580","fps":59.24102489952532,"latency_ms":47.451876380653545,"bitrate_kbps":3097.4207227026486}
{"session_id":"simulator-1747699580","fps":63.86265492350932,"latency_ms":57.13814410446558,"bitrate_kbps":3353.3752718652477}
{"session_id":"simulator-1747699580","fps":60.32405046634486,"latency_ms":54.48253105443172,"bitrate_kbps":2897.3722190048957}
{"session_id":"simulator-1747699580","fps":61.17103561399837,"latency_ms":126.98174533005418,"bitrate_kbps":2204.0818358696188,"outliers":["latency"]}
{"session_id":"simulator-1747699580","fps":61.48897156424845,"latency_ms":34.082930154842934,"bitrate_kbps":3083.054419051301}
{"session_id":"simulator-1747699580","fps":63.08283107088683,"latency_ms":95.29586480439657,"bitrate_kbps":2548.309070093018}
{"session_id":"simulator-1747699580","fps":58.54024096477813,"latency_ms":52.319709477547406,"bitrate_kbps":3263.2194862405936}
{"session_id":"simulator-1747699580","fps":62.611220689747704,"latency_ms":48.11708953239989,"bitrate_kbps":3483.9479646281347}
{"session_id":"simulator-1747699580","fps":60.61146008732158,"latency_ms":65.19204781011888,"bitrate_kbps":3364.0007288156826}
{"session_id":"simulator-1747699580","fps":55.267254808378404,"latency_ms":118.73184416689723,"bitrate_kbps":3306.5759934891335,"outliers":["latency"]}
{"session_id":"simulator-1747699580","fps":54.349862204856464,"latency_ms":116.05475440989404,"bitrate_kbps":2766.578505926036,"outliers":["latency"]}
{"session_id":"simulator-1747699580","fps":63.80457236746734,"latency_ms":35.61148965803938,"bitrate_kbps":2817.7414877767014}
{"session_id":"simulator-1747699580","fps":60.7487254550441,"latency_ms":47.62730790223953,"bitrate_kbps":3067.491937718972}
{"session_id":"simulator-1747699580","fps":65.22291902497898,"latency_ms":32.471735841600314,"bitrate_kbps":3406.497646642847}
{"session_id":"simulator-1747699580","fps":65.9535157905026,"latency_ms":70.66305268443398,"bitrate_kbps":2885.145274272133}
{"session_id":"simulator-1747699580","fps":60.9773028316117,"latency_ms":107.80746940492088,"bitrate_kbps":2748.0094219587104,"outliers":["latency"]}
{"session_id":"simulator-1747699580","fps":55.081180691628234,"latency_ms":98.80860435791337,"bitrate_kbps":2887.147791288128}
{"session_id":"simulator-1747699580","fps":62.569605773343916,"latency_ms":35.805062383027305,"bitrate_kbps":3217.094424333125}
{"session_id":"simulator-1747699580","fps":58.620399460076875,"latency_ms":73.41434602505308,"bitrate_kbps":3345.6043730180336}
{"session_id":"simulator-1747699580","fps":61.612022417421386,"latency_ms":82.10457872687896,"bitrate_kbps":3121.1158252208147}
{"session_id":"simulator-1747699580","fps":58.692631978536284,"latency_ms":59.2889047584162,"bitrate_kbps":3162.690980168111}
{"session_id":"simulator-1747699580","fps":61.84857128783369,"latency_ms":59.126720343582136,"bitrate_kbps":2599.0310931371246}
{"session_id":"simulator-1747699580","fps":65.5224781970858,"latency_ms":63.44201620581582,"bitrate_kbps":3297.3590564218057}
{"session_id":"simulator-1747699580","fps":56.62500996841652,"latency_ms":119.23296375357955,"bitrate_kbps":2762.7619422847924,"outliers":["latency"]}
{"session_id":"simulator-1747699580","fps":59.21857347436946,"latency_ms":40.15900444305041,"bitrate_kbps":2860.713162028396}
{"session_id":"simulator-1747699580","fps":63.22481956555656,"latency_ms":99.73758596069179,"bitrate_kbps":2984.042049447576}
{"session_id":"simulator-1747699580","fps":59.91586763394578,"latency_ms":36.47913796326546,"bitrate_kbps":2983.664476498884}
{"session_id":"simulator-1747699580","fps":62.50725330303584,"latency_ms":102.65571961648487,"bitrate_kbps":2815.310374788736,"outliers":["latency"]}
{"session_id":"simulator-1747699580","fps":54.405303763973826,"latency_ms":81.81444225771776,"bitrate_kbps":2549.039926766366}
{"session_id":"simulator-1747699580","fps":60.57037888207967,"latency_ms":73.27598926746535,"bitrate_kbps":2752.9864408550634}
{"session_id":"simulator-1747699580","fps":54.924759236309946,"latency_ms":113.29142234686594,"bitrate_kbps":3097.6048153594384,"outliers":["latency"]}
{"session_id":"simulator-1747699580","fps":59.958606393774154,"latency_ms":110.47892087726892,"bitrate_kbps":2783.2200973637146,"outliers":["latency"]}
{"session_id":"simulator-1747699580","fps":62.28623366216652,"latency_ms":78.9099971071006,"bitrate_kbps":2973.9718000708244}
{"session_id":"simulator-1747699580","fps":53.881693110779295,"latency_ms":108.24435275504644,"bitrate_kbps":2768.7462968559553,"outliers":["latency"]}
{"session_id":"simulator-1747699580","fps":60.96007343903717,"latency_ms":30.706554357013342,"bitrate_kbps":2637.666478102214}
{"session_id":"simulator-1747699580","fps":56.47313980665757,"latency_ms":81.48436182628511,"bitrate_kbps":2843.1903789245316}
{"session_id":"simulator-1747699580","fps":55.15033090673968,"latency_ms":107.19932738339949,"bitrate_kbps":2710.9500556174526,"outliers":["latency"]}
{"session_id":"simulator-1747699580","fps":52.571869305126036,"latency_ms":128.94622348651762,"bitrate_kbps":2455.039298212625,"outliers":["latency"]}
{"session_id":"simulator-1747699580","fps":56.60332417372867,"latency_ms":129.32889051061017,"bitrate_kbps":3138.3204999137515,"outliers":["latency"]}
{"session_id":"simulator-1747699580","fps":58.415730366756335,"latency_ms":123.76201974249174,"bitrate_kbps":2321.8398831716486,"outliers":["latency"]}
{"session_id":"simulator-1747699580","fps":62.92963984540864,"latency_ms":76.49176870467568,"bitrate_kbps":3372.5589824896397}
{"session_id":"simulator-1747699580","fps":63.08563749718957,"latency_ms":54.27267710086758,"bitrate_kbps":2922.257954362867}
{"session_id":"simulator-1747699580","fps":55.30155257199305,"latency_ms":117.65613361982447,"bitrate_kbps":2999.0207395648536,"outliers":["latency"]}
{"session_id":"simulator-1747699580","fps":64.93688779932488,"latency_ms":60.659215633861095,"bitrate_kbps":3428.9737478128322}
{"session_id":"simulator-1747699580","fps":65.37440182978702,"latency_ms":36.379648781369816,"bitrate_kbps":3247.0649260656087}
{"session_id":"simulator-1747699580","fps":61.99154596943659,"latency_ms":106.79700644298443,"bitrate_kbps":2391.0277653554026,"outliers":["latency"]}
{"session_id":"simulator-1747699580","fps":60.93028279271907,"latency_ms":73.01291153653037,"bitrate_kbps":2667.5769814178925}
{"session_id":"simulator-1747699580","fps":61.2203049570651,"latency_ms":39.16762742491541,"bitrate_kbps":3023.5589780863465}
{"session_id":"simulator-1747699580","fps":59.605091116137466,"latency_ms":88.32735772592088,"bitrate_kbps":2882.6977854732145}
{"session_id":"simulator-1747699580","fps":65.84470830249886,"latency_ms":52.61801083062284,"bitrate_kbps":2654.999987539132}
{"session_id":"simulator-1747699580","fps":60.57235051266189,"latency_ms":104.03413936453991,"bitrate_kbps":3060.165036067825,"outliers":["latency"]}
{"session_id":"simulator-1747699580","fps":66.12508499352525,"latency_ms":43.82753944820606,"bitrate_kbps":2979.7030883725606}
{"session_id":"simulator-1747699580","fps":57.20995715792329,"latency_ms":57.89134565414514,"bitrate_kbps":3428.4775186948496}
{"session_id":"simulator-1747699580","fps":54.83498700085986,"latency_ms":110.80696961490075,"bitrate_kbps":2774.750080623681,"outliers":["latency"]}
{"session_id":"simulator-1747699580","fps":65.74574293935709,"latency_ms":35.04643358308152,"bitrate_kbps":3429.39096634481}
{"session_id":"simulator-1747699580","fps":55.659757521800834,"latency_ms":30.017190889447228,"bitrate_kbps":3309.465992774382}
