{"session_id":"simulator-1747690467","fps":63.074902015069966,"latency_ms":36.99017097966468,"bitrate_kbps":3059.254217281949}
{"session_id":"simulator-1747690467","fps":60.95365497723814,"latency_ms":49.914041677141995,"bitrate_kbps":2728.3202206037754}
{"session_id":"simulator-1747690467","fps":58.79883978941616,"latency_ms":46.22457939655931,"bitrate_kbps":3144.476331176484}
{"session_id":"simulator-1747690467","fps":57.32331070551747,"latency_ms":48.70423084447981,"bitrate_kbps":3399.666375700197}
{"session_id":"simulator-1747690467","fps":58.23117020450594,"latency_ms":41.621189848699444,"bitrate_kbps":2679.138372464862}
{"session_id":"simulator-1747690467","fps":56.866426669670716,"latency_ms":45.76328917179285,"bitrate_kbps":2509.4275097946556}
{"session_id":"simulator-1747690467","fps":55.543491850705806,"latency_ms":47.353951117987855,"bitrate_kbps":2634.81420047385}
{"session_id":"simulator-1747690467","fps":62.08551561400354,"latency_ms":33.401283443413085,"bitrate_kbps":2585.5609968276426}
{"session_id":"simulator-1747690467","fps":62.19665581973125,"latency_ms":42.08934516492132,"bitrate_kbps":3089.2473886716025}
{"session_id":"simulator-1747690467","fps":57.67982732192346,"latency_ms":43.790404552488496,"bitrate_kbps":3440.572290831023}
{"session_id":"simulator-1747690467","fps":63.579039919582605,"latency_ms":45.206058246738145,"bitrate_kbps":2695.11652054215}
{"session_id":"simulator-1747690467","fps":62.915192021707476,"latency_ms":35.16961055371361,"bitrate_kbps":3201.762450265837}
{"session_id":"simulator-1747690467","fps":62.17347573693191,"latency_ms":47.11772337452851,"bitrate_kbps":3165.1747672393763}
{"session_id":"simulator-1747690467","fps":58.49617106319709,"latency_ms":37.01122378433927,"bitrate_kbps":3413.9424581937046}
{"session_id":"simulator-1747690467","fps":64.67901582922563,"latency_ms":35.628113528602334,"bitrate_kbps":3335.5252415083223}
{"session_id":"simulator-1747690467","fps":62.44004208094261,"latency_ms":45.5705461573778,"bitrate_kbps":2566.7857695273656}
{"session_id":"simulator-1747690467","fps":62.234349550072054,"latency_ms":32.119696865089715,"bitrate_kbps":3342.5170479226217}
{"session_id":"simulator-1747690467","fps":59.18015345432849,"latency_ms":42.115586438685995,"bitrate_kbps":3183.463670207021}
{"session_id":"simulator-1747690467","fps":57.483062225538475,"latency_ms":41.010438032674514,"bitrate_kbps":2532.9444875122863}
{"session_id":"simulator-1747690467","fps":58.77817619776429,"latency_ms":45.82141972249821,"bitrate_kbps":2587.281962207038}
{"session_id":"simulator-1747690467","fps":55.15176748670885,"latency_ms":38.316152668766634,"bitrate_kbps":2998.296372981483}
{"session_id":"simulator-1747690467","fps":57.78467564712185,"latency_ms":39.40297277212107,"bitrate_kbps":2574.6750170440387}
{"session_id":"simulator-1747690467","fps":61.070363290981,"latency_ms":47.7404416627791,"bitrate_kbps":3139.374426273368}
{"session_id":"simulator-1747690467","fps":55.13802198930195,"latency_ms":30.37309265751135,"bitrate_kbps":3034.3545730461196}
{"session_id":"simulator-1747690467","fps":59.894210272100274,"latency_ms":30.90435865479922,"bitrate_kbps":3203.9245143703192}
{"session_id":"simulator-1747690467","fps":57.81719896256557,"latency_ms":31.939512085944894,"bitrate_kbps":3298.7937329871006}
{"session_id":"simulator-1747690467","fps":59.36996363071458,"latency_ms":30.337187640956696,"bitrate_kbps":3394.297940205205}
{"session_id":"simulator-1747690467","fps":62.24864177266772,"latency_ms":39.87485778977156,"bitrate_kbps":3325.236796812922}
{"session_id":"simulator-1747690467","fps":62.18445648169837,"latency_ms":47.031728044337,"bitrate_kbps":3284.6472732096317}
{"session_id":"simulator-1747690467","fps":59.17147199260367,"latency_ms":31.910190891699678,"bitrate_kbps":3372.520925744701}
{"session_id":"simulator-1747690467","fps":61.56033364130703,"latency_ms":41.66315974613196,"bitrate_kbps":2916.3886179411857}
{"session_id":"simulator-1747690467","fps":61.20165222402118,"latency_ms":32.92982240673399,"bitrate_kbps":3407.899953179845}
{"session_id":"simulator-1747690467","fps":58.933260338284434,"latency_ms":35.37299671651886,"bitrate_kbps":2727.2954803650928}
{"session_id":"simulator-1747690467","fps":55.227495363390965,"latency_ms":30.29747177014209,"bitrate_kbps":2823.5833354328206}
{"session_id":"simulator-1747690467","fps":62.724527669899466,"latency_ms":37.91596572987362,"bitrate_kbps":2869.6671556784113}
{"session_id":"simulator-1747690467","fps":60.639304035282755,"latency_ms":43.99812510414644,"bitrate_kbps":2508.8978009029856}
{"session_id":"simulator-1747690467","fps":62.70907642272678,"latency_ms":33.561099696339646,"bitrate_kbps":3088.8877860087014}
{"session_id":"simulator-1747690467","fps":56.157902842783415,"latency_ms":31.63006784126039,"bitrate_kbps":3021.1809447712644}
{"session_id":"simulator-1747690467","fps":59.391993079600454,"latency_ms":48.05411529246943,"bitrate_kbps":2774.892199175128}
{"session_id":"simulator-1747690467","fps":56.05549569832505,"latency_ms":37.37268988406952,"bitrate_kbps":2656.6721247005626}
{"session_id":"simulator-1747690467","fps":64.76203294548831,"latency_ms":36.904761535928245,"bitrate_kbps":2783.053014338747}
{"session_id":"simulator-1747690467","fps":64.0378827236579,"latency_ms":48.47851498698491,"bitrate_kbps":2586.4252265081873}
{"session_id":"simulator-1747690467","fps":62.98151661390336,"latency_ms":48.0023829568851,"bitrate_kbps":3344.1500569228056}
{"session_id":"simulator-1747690467","fps":57.28134618286698,"latency_ms":40.29471902896546,"bitrate_kbps":2794.0969876929157}
{"session_id":"simulator-1747690467","fps":58.23951548115794,"latency_ms":47.134028806037094,"bitrate_kbps":2930.4560837598156}
{"session_id":"simulator-1747690467","fps":57.28670606522074,"latency_ms":43.69212342692451,"bitrate_kbps":2672.2511302591042}
{"session_id":"simulator-1747690467","fps":63.664580174593944,"latency_ms":36.051042420384185,"bitrate_kbps":3086.2225577349473}
{"session_id":"simulator-1747690467","fps":61.627407360398,"latency_ms":40.04124075461618,"bitrate_kbps":3087.6079150716455}
{"session_id":"simulator-1747690467","fps":56.79489627811405,"latency_ms":45.436438688170064,"bitrate_kbps":2904.682157948115}
{"session_id":"simulator-1747690467","fps":58.1784551970467,"latency_ms":49.987528752818875,"bitrate_kbps":2690.1331040450173}
{"session_id":"simulator-1747690467","fps":62.00775418443342,"latency_ms":37.04843589963866,"bitrate_kbps":3261.5893429972257}
{"session_id":"simulator-1747690467","fps":61.34525292715961,"latency_ms":33.09769185087663,"bitrate_kbps":3058.927396825588}
{"session_id":"simulator-1747690467","fps":55.440608915579354,"latency_ms":46.39087134397954,"bitrate_kbps":2864.2549709454865}
{"session_id":"simulator-1747690467","fps":55.716695747375255,"latency_ms":39.17662924255403,"bitrate_kbps":3170.1287623055878}
{"session_id":"simulator-1747690467","fps":55.534875491983,"latency_ms":47.43864826534941,"bitrate_kbps":3071.3391151362766}
{"session_id":"simulator-1747690467","fps":60.38455129270713,"latency_ms":45.22232263179949,"bitrate_kbps":2593.334968006544}
{"session_id":"simulator-1747690467","fps":57.59328055347597,"latency_ms":48.19751798137547,"bitrate_kbps":3108.4840731293957}
{"session_id":"simulator-1747690467","fps":60.839044132715365,"latency_ms":45.77711615636781,"bitrate_kbps":3403.98678820215}
{"session_id":"simulator-1747690467","fps":61.37892270303567,"latency_ms":39.117846138195326,"bitrate_kbps":3382.5583739441327}
{"session_id":"simulator-1747690467","fps":59.1666464389102,"latency_ms":32.385328911031166,"bitrate_kbps":2664.381169852732}
{"session_id":"simulator-1747690467","fps":57.612460605450856,"latency_ms":35.00294071082006,"bitrate_kbps":3348.993749005866}
{"session_id":"simulator-1747690467","fps":56.45830828381191,"latency_ms":31.03393806258164,"bitrate_kbps":3198.837753014784}
