{"session_id":"simulator-1747692183","fps":62.83651122719242,"latency_ms":49.73724855648088,"bitrate_kbps":2829.685465312698,"outliers":["latency","bitrate"]}
{"session_id":"simulator-1747692183","fps":64.46414370924361,"latency_ms":30.961497496295078,"bitrate_kbps":2630.368291523391,"outliers":["bitrate"]}
{"session_id":"simulator-1747692183","fps":59.72107679532873,"latency_ms":49.14680347897705,"bitrate_kbps":2582.916663904393,"outliers":["latency","bitrate"]}
{"session_id":"simulator-1747692183","fps":61.35822209714591,"latency_ms":47.46932397422728,"bitrate_kbps":2635.743576938776,"outliers":["latency","bitrate"]}
{"session_id":"simulator-1747692183","fps":59.670282924520926,"latency_ms":42.14660487235136,"bitrate_kbps":2984.666831671202,"outliers":["bitrate"]}
{"session_id":"simulator-1747692183","fps":62.19909009022339,"latency_ms":46.7051735443886,"bitrate_kbps":3167.0320186027684,"outliers":["latency"]}
{"session_id":"simulator-1747692183","fps":64.26756005223731,"latency_ms":49.859227855100926,"bitrate_kbps":2817.6851590584693,"outliers":["latency","bitrate"]}
{"session_id":"simulator-1747692183","fps":61.23496253005833,"latency_ms":31.13051892180915,"bitrate_kbps":2840.366056656921,"outliers":["bitrate"]}
{"session_id":"simulator-1747692183","fps":60.59943506467772,"latency_ms":42.84995754823405,"bitrate_kbps":2864.9964723958633,"outliers":["bitrate"]}
{"session_id":"simulator-1747692183","fps":56.795170695685904,"latency_ms":39.80875791182314,"bitrate_kbps":2769.717949665058,"outliers":["bitrate"]}
{"session_id":"simulator-1747692183","fps":60.17810954180099,"latency_ms":31.22994345006544,"bitrate_kbps":2997.707701050936,"outliers":["bitrate"]}
{"session_id":"simulator-1747692183","fps":56.05122285321978,"latency_ms":43.98565840940014,"bitrate_kbps":2784.4938398823197,"outliers":["bitrate"]}
{"session_id":"simulator-1747692183","fps":56.41327543719239,"latency_ms":30.680354207242733,"bitrate_kbps":2727.042068654606,"outliers":["bitrate"]}
{"session_id":"simulator-1747692183","fps":56.76975463035092,"latency_ms":31.68930760111377,"bitrate_kbps":3217.1805512455358}
{"session_id":"simulator-1747692183","fps":59.03959461005292,"latency_ms":42.357924759198085,"bitrate_kbps":3170.428756194617}
{"session_id":"simulator-1747692183","fps":60.97012967060592,"latency_ms":44.97694464378317,"bitrate_kbps":3108.8956589257905}
{"session_id":"simulator-1747692183","fps":63.12941410120676,"latency_ms":45.04676819356657,"bitrate_kbps":3289.8797965848175,"outliers":["latency"]}
