{"session_id":"simulator-1747691316","fps":55.89388440764203,"latency_ms":34.60328269846267,"bitrate_kbps":3037.576274850645}
{"session_id":"simulator-1747691316","fps":55.959744085615455,"latency_ms":30.14238859330626,"bitrate_kbps":2585.2163818057606}
{"session_id":"simulator-1747691316","fps":64.61222546050749,"latency_ms":36.19393545835677,"bitrate_kbps":2822.955063229112}
{"session_id":"simulator-1747691316","fps":60.254641247155064,"latency_ms":42.74552981846863,"bitrate_kbps":3403.036586368783}
{"session_id":"simulator-1747691316","fps":59.87660853611168,"latency_ms":30.816282022406885,"bitrate_kbps":3363.6417191259834}
{"session_id":"simulator-1747691316","fps":62.182102784904075,"latency_ms":36.37977874099795,"bitrate_kbps":2841.6768390167335}
{"session_id":"simulator-1747691316","fps":57.82497096346337,"latency_ms":46.32819497597109,"bitrate_kbps":3282.2232729390703}
{"session_id":"simulator-1747691316","fps":60.489145055826334,"latency_ms":47.31102552621566,"bitrate_kbps":3335.5202985868723}
{"session_id":"simulator-1747691316","fps":62.160487556426254,"latency_ms":43.9519531537069,"bitrate_kbps":2542.413582659805}
{"session_id":"simulator-1747691316","fps":58.246133509119886,"latency_ms":48.73692931358197,"bitrate_kbps":2773.151452973477}
{"session_id":"simulator-1747691316","fps":57.58008558986453,"latency_ms":48.95091726547297,"bitrate_kbps":2744.100039845688}
{"session_id":"simulator-1747691316","fps":60.78926142443817,"latency_ms":30.45182628181469,"bitrate_kbps":3264.031594116363}
{"session_id":"simulator-1747691316","fps":58.633500914095556,"latency_ms":42.82702051422127,"bitrate_kbps":2729.309333036249}
{"session_id":"simulator-1747691316","fps":56.68655128474929,"latency_ms":44.72691161847746,"bitrate_kbps":3016.475225037143}
{"session_id":"simulator-1747691316","fps":55.40900341615668,"latency_ms":40.8820558347561,"bitrate_kbps":2794.9946355635448}
{"session_id":"simulator-1747691316","fps":59.39368298002617,"latency_ms":37.45719248828175,"bitrate_kbps":3418.7357563461856}
{"session_id":"simulator-1747691316","fps":56.361217135348404,"latency_ms":47.089342603511824,"bitrate_kbps":3276.1221082877546}
{"session_id":"simulator-1747691316","fps":55.293057015026925,"latency_ms":34.259225377427676,"bitrate_kbps":3150.224884991478}
{"session_id":"simulator-1747691316","fps":60.00776026453631,"latency_ms":37.88191762678394,"bitrate_kbps":3242.436747904155}
{"session_id":"simulator-1747691316","fps":62.3696080703273,"latency_ms":34.146373801605826,"bitrate_kbps":3011.6356331134302}
{"session_id":"simulator-1747691316","fps":56.409479190033615,"latency_ms":32.09226332596638,"bitrate_kbps":3015.7503657948228}
{"session_id":"simulator-1747691316","fps":56.776887611378996,"latency_ms":33.39626610828241,"bitrate_kbps":2580.8392939923065}
{"session_id":"simulator-1747691316","fps":57.629374200874864,"latency_ms":30.824442411266798,"bitrate_kbps":2523.8664827961993}
{"session_id":"simulator-1747691316","fps":60.671333644823235,"latency_ms":37.66138369821716,"bitrate_kbps":3436.125966263904}
{"session_id":"simulator-1747691316","fps":63.13148398100573,"latency_ms":34.368537690130914,"bitrate_kbps":3080.078861713651}
{"session_id":"simulator-1747691316","fps":55.42907436477341,"latency_ms":31.655617921300383,"bitrate_kbps":3337.173292197316}
{"session_id":"simulator-1747691316","fps":64.76651356923169,"latency_ms":37.23753802701496,"bitrate_kbps":3055.3511153242594}
{"session_id":"simulator-1747691316","fps":57.885765041270744,"latency_ms":45.88791161665096,"bitrate_kbps":2826.361768956973}
{"session_id":"simulator-1747691316","fps":58.142825417328694,"latency_ms":38.604124326423936,"bitrate_kbps":2787.091837820405}
{"session_id":"simulator-1747691316","fps":55.846907296079685,"latency_ms":41.67362611881591,"bitrate_kbps":3382.6470289670115}
{"session_id":"simulator-1747691316","fps":55.3536162976021,"latency_ms":34.91565094584915,"bitrate_kbps":2757.2901778683267}
{"session_id":"simulator-1747691316","fps":63.65810873679496,"latency_ms":42.28792165837105,"bitrate_kbps":3272.5142008152557}
{"session_id":"simulator-1747691316","fps":57.00189185076696,"latency_ms":41.07985176187242,"bitrate_kbps":3108.5286322018624}
{"session_id":"simulator-1747691316","fps":59.9330594714685,"latency_ms":36.16945053585268,"bitrate_kbps":3000.4079160812003}
{"session_id":"simulator-1747691316","fps":58.198082737777845,"latency_ms":42.254695475070655,"bitrate_kbps":2992.5083354468197}
{"session_id":"simulator-1747691316","fps":56.46488086331439,"latency_ms":35.84070128855975,"bitrate_kbps":2898.399092652115}
{"session_id":"simulator-1747691316","fps":60.01180589358319,"latency_ms":39.84253297815788,"bitrate_kbps":3363.433162581129}
{"session_id":"simulator-1747691316","fps":57.68946285962395,"latency_ms":39.6809723556387,"bitrate_kbps":3221.9813750179223}
{"session_id":"simulator-1747691316","fps":55.88310449586681,"latency_ms":45.6677956880242,"bitrate_kbps":2703.2660892853773}
{"session_id":"simulator-1747691316","fps":57.572801170248596,"latency_ms":49.475273387232505,"bitrate_kbps":3392.418858451235}
{"session_id":"simulator-1747691316","fps":62.56133887769881,"latency_ms":31.132318288170815,"bitrate_kbps":2533.872194882702}
{"session_id":"simulator-1747691316","fps":55.24470924271751,"latency_ms":33.52375566308102,"bitrate_kbps":2775.6924673829135}
{"session_id":"simulator-1747691316","fps":55.02502317457134,"latency_ms":44.31732102047479,"bitrate_kbps":3197.285945443155}
{"session_id":"simulator-1747691316","fps":58.91328462931702,"latency_ms":43.4413453101818,"bitrate_kbps":3085.3380406163724}
{"session_id":"simulator-1747691316","fps":58.91997340277109,"latency_ms":37.304047061271866,"bitrate_kbps":3295.2119873311385}
{"session_id":"simulator-1747691316","fps":64.32265621479425,"latency_ms":48.18333234311349,"bitrate_kbps":3445.2759870643567}
{"session_id":"simulator-1747691316","fps":57.67786154607906,"latency_ms":33.907891185188305,"bitrate_kbps":3383.837582837298}
{"session_id":"simulator-1747691316","fps":57.36428854614015,"latency_ms":40.23578991817832,"bitrate_kbps":3471.491946798389}
{"session_id":"simulator-1747691316","fps":64.88498745833274,"latency_ms":46.27725986711288,"bitrate_kbps":3038.7120733421075}
{"session_id":"simulator-1747691316","fps":55.44672406921754,"latency_ms":47.07918874735795,"bitrate_kbps":2807.280388877645}
{"session_id":"simulator-1747691316","fps":61.23437240599388,"latency_ms":34.12149779652171,"bitrate_kbps":3408.494959585816}
{"session_id":"simulator-1747691316","fps":64.77282222066886,"latency_ms":37.68056804157596,"bitrate_kbps":2904.093824907115}
{"session_id":"simulator-1747691316","fps":58.685752423605855,"latency_ms":32.0174311875678,"bitrate_kbps":2926.2705436332194}
{"session_id":"simulator-1747691316","fps":57.883341626655444,"latency_ms":46.23519320496011,"bitrate_kbps":2529.298993226095}
{"session_id":"simulator-1747691316","fps":63.923172018420786,"latency_ms":47.63007022349662,"bitrate_kbps":3084.343485725073}
{"session_id":"simulator-1747691316","fps":57.33641140891838,"latency_ms":49.6299823672996,"bitrate_kbps":2818.130638028889}
{"session_id":"simulator-1747691316","fps":57.80562242573786,"latency_ms":45.660644964227416,"bitrate_kbps":3200.1418193979644}
{"session_id":"simulator-1747691316","fps":62.89082306678957,"latency_ms":49.73223248493534,"bitrate_kbps":3198.0877332007167}
{"session_id":"simulator-1747691316","fps":62.40102568187823,"latency_ms":34.10342428100897,"bitrate_kbps":3264.05712186275}
{"session_id":"simulator-1747691316","fps":60.85528597599897,"latency_ms":30.97932416565957,"bitrate_kbps":2925.108066580065}
{"session_id":"simulator-1747691316","fps":56.480783603589074,"latency_ms":47.89008815497498,"bitrate_kbps":3488.6328912934237}
{"session_id":"simulator-1747691316","fps":60.988247383054606,"latency_ms":47.90593027263881,"bitrate_kbps":2983.3087202790757}
{"session_id":"simulator-1747691316","fps":64.36636060372827,"latency_ms":40.68809285473276,