{"session_id":"simulator-1747692342","fps":55.755326893028744,"latency_ms":30.45044220676852,"bitrate_kbps":2868.8046316315153,"outliers":["bitrate"]}
{"session_id":"simulator-1747692342","fps":55.537852579314745,"latency_ms":40.74694910910257,"bitrate_kbps":3023.4252171580497}
{"session_id":"simulator-1747692342","fps":60.440606822436195,"latency_ms":40.215998841900074,"bitrate_kbps":3097.1797192232066}
{"session_id":"simulator-1747692342","fps":55.02046127375026,"latency_ms":36.66339011491903,"bitrate_kbps":3297.9840947283074}
{"session_id":"simulator-1747692342","fps":55.81450477859433,"latency_ms":48.65866620771647,"bitrate_kbps":2810.1711556774035,"outliers":["latency","bitrate"]}
{"session_id":"simulator-1747692342","fps":62.47667770519765,"latency_ms":39.95712822273103,"bitrate_kbps":3205.2230844404867}
{"session_id":"simulator-1747692342","fps":59.549034835517745,"latency_ms":47.401766381099264,"bitrate_kbps":2657.458484983485,"outliers":["latency","bitrate"]}
{"session_id":"simulator-1747692342","fps":58.29812366851507,"latency_ms":30.402467917400543,"bitrate_kbps":3387.64872425191}
{"session_id":"simulator-1747692342","fps":62.38023399298364,"latency_ms":45.54217050086515,"bitrate_kbps":2505.5406328796994,"outliers":["latency","bitrate"]}
{"session_id":"simulator-1747692342","fps":55.01653009575519,"latency_ms":31.359902195655458,"bitrate_kbps":2833.3469488184937,"outliers":["bitrate"]}
{"session_id":"simulator-1747692342","fps":56.51113723911797,"latency_ms":35.73420468067482,"bitrate_kbps":2507.381099722607,"outliers":["bitrate"]}
{"session_id":"simulator-1747692342","fps":57.0311588172681,"latency_ms":46.98752851208511,"bitrate_kbps":2527.2068586871123,"outliers":["latency","bitrate"]}
{"session_id":"simulator-1747692342","fps":64.325906021543,"latency_ms":40.14362614095816,"bitrate_kbps":2589.275500061855,"outliers":["bitrate"]}
