{"session_id":"simulator-1747698131","fps":59.44366313368796,"latency_ms":40.713050135570256,"bitrate_kbps":3362.7038984370456}
{"session_id":"simulator-1747698131","fps":63.31893674160684,"latency_ms":49.88783644379777,"bitrate_kbps":3030.875357730434,"outliers":["latency"]}
{"session_id":"simulator-1747698131","fps":55.37804045376724,"latency_ms":47.39983839713724,"bitrate_kbps":2657.395161669984,"outliers":["latency","bitrate"]}
{"session_id":"simulator-1747698131","fps":55.596046007433635,"latency_ms":41.42465317330744,"bitrate_kbps":2550.020601437088,"outliers":["bitrate"]}
{"session_id":"simulator-1747698131","fps":56.41153794043891,"latency_ms":36.23468825465503,"bitrate_kbps":3235.7955839922683}
{"session_id":"simulator-1747698131","fps":61.46060661001522,"latency_ms":41.916051734236554,"bitrate_kbps":3246.795131358886}
{"session_id":"simulator-1747698131","fps":64.69964192898448,"latency_ms":34.017294029137545,"bitrate_kbps":2554.7880875446494,"outliers":["bitrate"]}
{"session_id":"simulator-1747698131","fps":58.73341664190752,"latency_ms":40.19131532374229,"bitrate_kbps":2510.0150727679084,"outliers":["bitrate"]}
{"session_id":"simulator-1747698131","fps":64.74151604914283,"latency_ms":35.35383543585256,"bitrate_kbps":2647.337263996813,"outliers":["bitrate"]}
{"session_id":"simulator-1747698131","fps":58.55718505626218,"latency_ms":32.03167281753827,"bitrate_kbps":2836.163791660225,"outliers":["bitrate"]}
{"session_id":"simulator-1747698131","fps":56.28630582700534,"latency_ms":41.147608879764995,"bitrate_kbps":3368.2031040943752}
{"session_id":"simulator-1747698131","fps":62.68461628414061,"latency_ms":42.40775412605516,"bitrate_kbps":2537.601179421299,"outliers":["bitrate"]}
{"session_id":"simulator-1747698131","fps":61.72252906697842,"latency_ms":37.09898473385286,"bitrate_kbps":2571.0170241318333,"outliers":["bitrate"]}
{"session_id":"simulator-1747698131","fps":61.981010676080274,"latency_ms":40.503769890964236,"bitrate_kbps":3173.9084735891734}
{"session_id":"simulator-1747698131","fps":62.09650437400067,"latency_ms":31.51810973651338,"bitrate_kbps":2813.3071604123325,"outliers":["bitrate"]}
{"session_id":"simulator-1747698131","fps":58.117023408271784,"latency_ms":40.57721913617116,"bitrate_kbps":2562.3128088149274,"outliers":["bitrate"]}
{"session_id":"simulator-1747698131","fps":59.23100745000157,"latency_ms":30.031530039337618,"bitrate_kbps":2899.266371657421,"outliers":["bitrate"]}
{"session_id":"simulator-1747698131","fps":55.48906510766027,"latency_ms":48.26166034180719,"bitrate_kbps":2533.2982452844144,"outliers":["latency","bitrate"]}
{"session_id":"simulator-1747698131","fps":62.70693914920654,"latency_ms":34.25658558633515,"bitrate_kbps":3458.529438913806}
{"session_id":"simulator-1747698131","fps":63.74242273581187,"latency_ms":36.79927993204899,"bitrate_kbps":2605.3928918811575,"outliers":["bitrate"]}
{"session_id":"simulator-1747698131","fps":60.989980703872895,"latency_ms":49.393453813926655,"bitrate_kbps":2812.8527392496353,"outliers":["latency","bitrate"]}
{"session_id":"simulator-1747698131","fps":64.34612577686096,"latency_ms":49.981643198544106,"bitrate_kbps":3270.217051343834,"outliers":["latency"]}
{"session_id":"simulator-1747698131","fps":64.48658022797895,"latency_ms":45.70393781023754,"bitrate_kbps":2959.158730004029,"outliers":["latency","bitrate"]}
{"session_id":"simulator-1747698131","fps":58.54068806180157,"latency_ms":45.69745214669762,"bitrate_kbps":3019.3202485792835,"outliers":["latency"]}
{"session_id":"simulator-1747698131","fps":62.97908954336524,"latency_ms":36.50840692463151,"bitrate_kbps":2724.6155160709413,"outliers":["bitrate"]}
{"session_id":"simulator-1747698131","fps":58.17926726041321,"latency_ms":30.77898454785429,"bitrate_kbps":2828.851692372634,"outliers":["bitrate"]}
{"session_id":"simulator-1747698131","fps":62.508354216502376,"latency_ms":32.91392436510438,"bitrate_kbps":3083.7884793844764}
{"session_id":"simulator-1747698131","fps":59.14002345236122,"latency_ms":39.04439620681275,"bitrate_kbps":2885.4302484609757,"outliers":["bitrate"]}
{"session_id":"simulator-1747698131","fps":64.8946491060937,"latency_ms":41.075299897762896,"bitrate_kbps":3303.6006477533942}
{"session_id":"simulator-1747698131","fps":55.754328424396526,"latency_ms":48.392831149200916,"bitrate_kbps":3476.1971784281222,"outliers":["latency"]}
{"session_id":"simulator-1747698131","fps":64.54667630227998,"latency_ms":46.74786953065944,"bitrate_kbps":2688.002448495825,"outliers":["latency","bitrate"]}
{"session_id":"simulator-1747698131","fps":63.99210171237305,"latency_ms":43.66115362391145,"bitrate_kbps":3040.688293482966}
{"session_id":"simulator-1747698131","fps":58.159161430355205,"latency_ms":45.355122033622514,"bitrate_kbps":2583.7153859306236,"outliers":["latency","bitrate"]}
{"session_id":"simulator-1747698131","fps":57.69446967233188,"latency_ms":48.782988458529225,"bitrate_kbps":2508.8226258453756,"outliers":["latency","bitrate"]}
{"session_id":"simulator-1747698131","fps":62.35826345245875,"latency_ms":31.999720280870942,"bitrate_kbps":3484.779396052026}
{"session_id":"simulator-1747698131","fps":59.45782925495254,"latency_ms":40.536207436962684,"bitrate_kbps":2778.118903083765,"outliers":["bitrate"]}
{"session_id":"simulator-1747698131","fps":60.50545454933534,"latency_ms":37.5151207173729,"bitrate_kbps":3234.696527570327}
{"session_id":"simulator-1747698131","fps":55.27978347701852,"latency_ms":43.45542194392766,"bitrate_kbps":2961.6707624457335,"outliers":["bitrate"]}
{"session_id":"simulator-1747698131","fps":55.857278287224545,"latency_ms":33.763829927532,"bitrate_kbps":3122.7959798289976}
{"session_id":"simulator-1747698131","fps":57.29023783288528,"latency_ms":38.974408783670576,"bitrate_kbps":2894.9317353973556,"outliers":["bitrate"]}
{"session_id":"simulator-1747698131","fps":62.6648620860387,"latency_ms":49.854228079216995,"bitrate_kbps":3433.928294857188,"outliers":["latency"]}
{"session_id":"simulator-1747698131","fps":59.55457905509139,"latency_ms":37.07183018141617,"bitrate_kbps":2855.915729691606,"outliers":["bitrate"]}
{"session_id":"simulator-1747698131","fps":60.17983369946613,"latency_ms":38.89807302477651,"bitrate_kbps":2945.1464630567457,"outliers":["bitrate"]}
{"session_id":"simulator-1747698131","fps":58.596676224436095,"latency_ms":42.2675235985174,"bitrate_kbps":3212.295729215747}
{"session_id":"simulator-1747698131","fps":62.36376284123958,"latency_ms":36.69327056749637,"bitrate_kbps":3334.027448246798}
{"session_id":"simulator-1747698131","fps":58.13832292622806,"latency_ms":42.53708394472608,"bitrate_kbps":2678.2985066444567,"outliers":["bitrate"]}
{"session_id":"simulator-1747698131","fps":61.96996933948893,"latency_ms":45.31072297858067,"bitrate_kbps":3254.4587081668187,"outliers":["latency"]}
{"session_id":"simulator-1747698131","fps":62.80999892270043,"latency_ms":38.74696169674981,"bitrate_kbps":2823.3985262878214,"outliers":["bitrate"]}
{"session_id":"simulator-1747698131","fps":55.39972273041319,"latency_ms":40.19979909113893,"bitrate_kbps":3090.274029792422}
{"session_id":"simulator-1747698131","fps":64.43185595364605,"latency_ms":37.517567569083425,"bitrate_kbps":3128.929816841659}
{"session_id":"simulator-1747698131","fps":59.17044629603576,"latency_ms":35.88233262337676,"bitrate_kbps":3413.7221716814156}
{"session_id":"simulator-1747698131","fps":55.82493052545362,"latency_ms":41.008440200052206,"bitrate_kbps":2544.6359881813814,"outliers":["bitrate"]}
{"session_id":"simulator-1747698131","fps":60.77371162446053,"latency_ms":47.46735413473296,"bitrate_kbps":3464.010724005537,"outliers":["latency"]}
{"session_id":"simulator-1747698131","fps":55.18314853203366,"latency_ms":41.68058442101601,"bitrate_kbps":2560.1997608786396,"outliers":["bitrate"]}
{"session_id":"simulator-1747698131","fps":56.377497218172486,"latency_ms":39.31034641271461,"bitrate_kbps":2570.207351357175,"outliers":["bitrate"]}
{"session_id":"simulator-1747698131","fps":62.63640445011785,