{"session_id":"simulator-1747700204","fps":60.76334356058638,"latency_ms":47.2059898455014,"bitrate_kbps":8175.598033801004,"resolution":"1440p","bandwidth_mbps":23.47607523812314}
{"session_id":"simulator-1747700204","fps":64.44467319711929,"latency_ms":75.07128639334815,"bitrate_kbps":5611.6069712623175,"resolution":"1080p","bandwidth_mbps":10.171256247650126}
{"session_id":"simulator-1747700204","fps":58.48832605263392,"latency_ms":66.35708241652475,"bitrate_kbps":3997.810080898231,"resolution":"720p","bandwidth_mbps":7.314143853427634}
{"session_id":"simulator-1747700204","fps":63.98586522189024,"latency_ms":79.0908685260626,"bitrate_kbps":15647.890341347662,"resolution":"4K","bandwidth_mbps":28.823755652742175}
{"session_id":"simulator-1747700204","fps":59.551214261312104,"latency_ms":91.18038189441721,"bitrate_kbps":3470.1809617871704,"resolution":"720p","bandwidth_mbps":6.840806638331923}
{"session_id":"simulator-1747700204","fps":64.92105125648742,"latency_ms":124.11589922881728,"bitrate_kbps":15959.05121304422,"resolution":"4K","bandwidth_mbps":31.643583219718685,"outliers":["latency"]}
{"session_id":"simulator-1747700204","fps":61.47777008892186,"latency_ms":56.74463115365842,"bitrate_kbps":15789.357845343544,"resolution":"4K","bandwidth_mbps":26.568645457329083}
{"session_id":"simulator-1747700204","fps":63.555961468787714,"latency_ms":45.844561486566036,"bitrate_kbps":15690.92577000833,"resolution":"4K","bandwidth_mbps":30.73924394172481}
{"session_id":"simulator-1747700204","fps":62.129317892553956,"latency_ms":55.29489431864583,"bitrate_kbps":15895.174693095236,"resolution":"4K","bandwidth_mbps":29.643303367772738}
{"session_id":"simulator-1747700204","fps":62.716539690395265,"latency_ms":83.63041373655741,"bitrate_kbps":8602.041976491018,"resolution":"1440p","bandwidth_mbps":17.045635200207286}
{"session_id":"simulator-1747700204","fps":60.61497378611739,"latency_ms":80.53374190000335,"bitrate_kbps":8742.314069198843,"resolution":"1440p","bandwidth_mbps":19.128607536669374}
{"session_id":"simulator-1747700204","fps":56.82733140013552,"latency_ms":94.15237498091791,"bitrate_kbps":3335.747592132757,"resolution":"720p","bandwidth_mbps":4.443737544405643}
{"session_id":"simulator-1747700204","fps":64.0873245187549,"latency_ms":74.21465665814269,"bitrate_kbps":8676.450523707863,"resolution":"1440p","bandwidth_mbps":17.045339240484367}
{"session_id":"simulator-1747700204","fps":64.4880817098204,"latency_ms":87.52219793893951,"bitrate_kbps":15396.842382404584,"resolution":"4K","bandwidth_mbps":29.843006306024503}
{"session_id":"simulator-1747700204","fps":60.51683865969588,"latency_ms":40.97731789799214,"bitrate_kbps":8660.748104639544,"resolution":"1440p","bandwidth_mbps":22.726844214564252}
{"session_id":"simulator-1747700204","fps":64.43963761549762,"latency_ms":64.57132975886029,"bitrate_kbps":15464.842837884513,"resolution":"4K","bandwidth_mbps":27.366805678632}
{"session_id":"simulator-1747700204","fps":60.384475922324484,"latency_ms":66.989273228229,"bitrate_kbps":15605.455159530713,"resolution":"4K","bandwidth_mbps":30.491057242194216}
{"session_id":"simulator-1747700204","fps":58.5556824338006,"latency_ms":30.43097043743373,"bitrate_kbps":3538.3082057405563,"resolution":"720p","bandwidth_mbps":4.1873689525447215}
{"session_id":"simulator-1747700204","fps":62.24845284103003,"latency_ms":72.12050015104671,"bitrate_kbps":15196.713528905851,"resolution":"4K","bandwidth_mbps":26.0639350970903}
{"session_id":"simulator-1747700204","fps":63.908884103937325,"latency_ms":77.94923873649539,"bitrate_kbps":5096.312552059714,"resolution":"1080p","bandwidth_mbps":12.77408869000672}
{"session_id":"simulator-1747700204","fps":64.12580554234441,"latency_ms":77.3397587464543,"bitrate_kbps":8533.029264330773,"resolution":"1440p","bandwidth_mbps":16.75040240947135}
{"session_id":"simulator-1747700204","fps":64.057245394292,"latency_ms":125.61876584288524,"bitrate_kbps":8451.982672231798,"resolution":"1440p","bandwidth_mbps":18.178296562649564,"outliers":["latency"]}
{"session_id":"simulator-1747700204","fps":63.425683208962916,"latency_ms":30.350309311352778,"bitrate_kbps":15617.525146167513,"resolution":"4K","bandwidth_mbps":28.629895778712292}
{"session_id":"simulator-1747700204","fps":64.42121344976603,"latency_ms":76.27165147594778,"bitrate_kbps":8429.936008279685,"resolution":"1440p","bandwidth_mbps":20.3446292908192}
{"session_id":"simulator-1747700204","fps":62.19416241638827,"latency_ms":78.66830016270406,"bitrate_kbps":8930.724518865904,"resolution":"1440p","bandwidth_mbps":21.98324847728868}
{"session_id":"simulator-1747700204","fps":64.70068329424369,"latency_ms":35.36285859945573,"bitrate_kbps":8542.083089558899,"resolution":"1440p","bandwidth_mbps":15.210516928631208}
{"session_id":"simulator-1747700204","fps":63.9723639578089,"latency_ms":88.63025942212674,"bitrate_kbps":15406.042276054071,"resolution":"4K","bandwidth_mbps":32.316894532482266}
{"session_id":"simulator-1747700204","fps":59.2071043577711,"latency_ms":57.478420796763324,"bitrate_kbps":3127.945597429687,"resolution":"720p","bandwidth_mbps":5.907548406233068}
{"session_id":"simulator-1747700204","fps":60.22935296305809,"latency_ms":40.26700257954994,"bitrate_kbps":8526.904296658424,"resolution":"1440p","bandwidth_mbps":24.42332504316391}
{"session_id":"simulator-1747700204","fps":56.65123177777141,"latency_ms":61.63214259799964,"bitrate_kbps":3196.768716413365,"resolution":"720p","bandwidth_mbps":4.438082804633572}
{"session_id":"simulator-1747700204","fps":62.14420614314489,"latency_ms":126.38950891085103,"bitrate_kbps":8760.710625563406,"resolution":"1440p","bandwidth_mbps":23.284263553065642,"outliers":["latency"]}
{"session_id":"simulator-1747700204","fps":63.2597808938363,"latency_ms":94.24709507655861,"bitrate_kbps":15758.100812183686,"resolution":"4K","bandwidth_mbps":26.29337072423131}
{"session_id":"simulator-1747700204","fps":62.99904539559831,"latency_ms":86.68742260311755,"bitrate_kbps":5842.193646020105,"resolution":"1080p","bandwidth_mbps":13.378120139507732}
{"session_id":"simulator-1747700204","fps":63.58599536807278,"latency_ms":99.26681931126663,"bitrate_kbps":8231.408562877175,"resolution":"1440p","bandwidth_mbps":19.90457949702409}
{"session_id":"simulator-1747700204","fps":60.52973572409565,"latency_ms":112.97911973531814,"bitrate_kbps":8319.570494602202,"resolution":"1440p","bandwidth_mbps":17.5187887406505,"outliers":["latency"]}
{"session_id":"simulator-1747700204","fps":61.118445418968065,"latency_ms":67.14522433450949,"bitrate_kbps":15592.86396298111,"resolution":"4K","bandwidth_mbps":25.40636551457641}
