{"session_id":"simulator-1747692371","fps":63.252747541506004,"latency_ms":38.73822110222276,"bitrate_kbps":3244.209198786439}
{"session_id":"simulator-1747692371","fps":55.79541206469376,"latency_ms":35.914765345967105,"bitrate_kbps":2779.4732095581207,"outliers":["bitrate"]}
{"session_id":"simulator-1747692371","fps":59.40965889154456,"latency_ms":46.53278029973211,"bitrate_kbps":3280.4703253959856,"outliers":["latency"]}
{"session_id":"simulator-1747692371","fps":58.24469881372281,"latency_ms":31.274278033546477,"bitrate_kbps":3036.69464192921}
{"session_id":"simulator-1747692371","fps":60.20416787635799,"latency_ms":45.23066264226101,"bitrate_kbps":2752.87031913408,"outliers":["latency","bitrate"]}
{"session_id":"simulator-1747692371","fps":60.630107954567315,"latency_ms":36.853481355363094,"bitrate_kbps":2971.368870796443,"outliers":["bitrate"]}
{"session_id":"simulator-1747692371","fps":55.05983451773458,"latency_ms":44.94968725831197,"bitrate_kbps":2959.737738411188,"outliers":["bitrate"]}
{"session_id":"simulator-1747692371","fps":58.93819784119153,"latency_ms":37.73207464117567,"bitrate_kbps":3442.7195583003468}
{"session_id":"simulator-1747692371","fps":64.72732029915667,"latency_ms":44.33321289111831,"bitrate_kbps":3122.7318930646097}
{"session_id":"simulator-1747692371","fps":63.92407419859032,"latency_ms":32.716567099785095,"bitrate_kbps":3328.01274428714}
{"session_id":"simulator-1747692371","fps":64.47086359977754,"latency_ms":35.525467562086554,"bitrate_kbps":2956.2296579247436,"outliers":["bitrate"]}
{"session_id":"simulator-1747692371","fps":60.87388547577738,"latency_ms":42.582669614024006,"bitrate_kbps":2656.4064955727113,"outliers":["bitrate"]}
{"session_id":"simulator-1747692371","fps":60.359605251603995,"latency_ms":42.072778127883055,"bitrate_kbps":2854.305830730028,"outliers":["bitrate"]}
{"session_id":"simulator-1747692371","fps":57.29500193416049,"latency_ms":47.827093686696834,"bitrate_kbps":3065.8165206730705,"outliers":["latency"]}
{"session_id":"simulator-1747692371","fps":60.36810995381727,"latency_ms":40.2054825016167,"bitrate_kbps":3004.7952204813964}
{"session_id":"simulator-1747692371","fps":57.69798200074384,"latency_ms":37.588123937222875,"bitrate_kbps":3418.6691671608205}
{"session_id":"simulator-1747692371","fps":56.185751609926214,"latency_ms":46.3302384338905,"bitrate_kbps":2868.7426771204155,"outliers":["latency","bitrate"]}
{"session_id":"simulator-1747692371","fps":61.50915920511083,"latency_ms":37.27785263176121,"bitrate_kbps":3367.538505119377}
{"session_id":"simulator-1747692371","fps":58.74192977401392,"latency_ms":32.101319226277255,"bitrate_kbps":2546.8969653543427,"outliers":["bitrate"]}
{"session_id":"simulator-1747692371","fps":60.71424323420549,"latency_ms":31.716185705473865,"bitrate_kbps":2915.149774993325,"outliers":["bitrate"]}
{"session_id":"simulator-1747692371","fps":57.14841851849943,"latency_ms":47.21673885364572,"bitrate_kbps":2619.677644284037,"outliers":["latency","bitrate"]}
{"session_id":"simulator-1747692371","fps":60.64104561953152,"latency_ms":34.36673518864276,"bitrate_kbps":3303.35102594448}
{"session_id":"simulator-1747692371","fps":64.17852736299605,"latency_ms":30.732387746596242,"bitrate_kbps":2684.59119964673,"outliers":["bitrate"]}
{"session_id":"simulator-1747692371","fps":63.34846039650979,"latency_ms":46.57291847620869,"bitrate_kbps":3014.245263543081,"outliers":["latency"]}
{"session_id":"simulator-1747692371","fps":56.4147473320624,"latency_ms":33.99462410871285,"bitrate_kbps":3335.8675337572204}
{"session_id":"simulator-1747692371","fps":55.52820819981645,"latency_ms":36.442288284159645,"bitrate_kbps":2589.1028612809678,"outliers":["bitrate"]}
{"session_id":"simulator-1747692371","fps":59.49695715085299,"latency_ms":34.289452233978366,"bitrate_kbps":2921.890020906494,"outliers":["bitrate"]}
{"session_id":"simulator-1747692371","fps":63.04558480543715,"latency_ms":34.26731191769416,"bitrate_kbps":2752.2450872522713,"outliers":["bitrate"]}
{"session_id":"simulator-1747692371","fps":58.68571990358875,"latency_ms":38.60872641304616,"bitrate_kbps":3202.661823517291}
{"session_id":"simulator-1747692371","fps":59.09118967258611,"latency_ms":44.46098066985275,"bitrate_kbps":3364.490564414249}
{"session_id":"simulator-1747692371","fps":63.9732334745765,"latency_ms":49.90827970270411,"bitrate_kbps":3130.1763764794837,"outliers":["latency"]}
{"session_id":"simulator-1747692371","fps":62.686977790936254,"latency_ms":35.03562351605207,"bitrate_kbps":2544.198412404517,"outliers":["bitrate"]}
{"session_id":"simulator-1747692371","fps":60.692489258051424,"latency_ms":40.70671032747134,"bitrate_kbps":2687.1497160613444,"outliers":["bitrate"]}
{"session_id":"simulator-1747692371","fps":57.610761377966114,"latency_ms":46.021118326099284,"bitrate_kbps":2846.1199882658566,"outliers":["latency","bitrate"]}
{"session_id":"simulator-1747692371","fps":59.3470877963676,"latency_ms":41.31547015421867,"bitrate_kbps":3135.728132902106}
{"session_id":"simulator-1747692371","fps":56.528956132370176,"latency_ms":34.864651773300494,"bitrate_kbps":2790.148818911638,"outliers":["bitrate"]}
{"session_id":"simulator-1747692371","fps":58.04070110356457,"latency_ms":33.10994412207962,"bitrate_kbps":3286.83126099487}
{"session_id":"simulator-1747692371","fps":58.12462028851169,"latency_ms":34.68061944170282,"bitrate_kbps":3335.5290389632437}
{"session_id":"simulator-1747692371","fps":62.87917267575761,"latency_ms":32.96552807188068,"bitrate_kbps":3252.157884598564}
