{"session_id":"simulator-1747691436","fps":63.01271647920115,"latency_ms":32.561374420223984,"bitrate_kbps":3297.823412672449}
{"session_id":"simulator-1747691436","fps":64.75684702026663,"latency_ms":40.38570501694285,"bitrate_kbps":3206.4277375883726}
{"session_id":"simulator-1747691436","fps":63.22991945684677,"latency_ms":30.057522990297684,"bitrate_kbps":3491.9950842129974}
{"session_id":"simulator-1747691436","fps":62.4739415136673,"latency_ms":42.27074119908964,"bitrate_kbps":3492.3006713803975}
{"session_id":"simulator-1747691436","fps":63.66847696665188,"latency_ms":33.28885810257459,"bitrate_kbps":3077.760012343729}
{"session_id":"simulator-1747691436","fps":58.87855763820247,"latency_ms":46.59201689304676,"bitrate_kbps":2636.6754250250356,"outliers":["fps","latency","bitrate"]}
{"session_id":"simulator-1747691436","fps":58.36051934296551,"latency_ms":32.742423353471395,"bitrate_kbps":2792.4375889988723,"outliers":["fps","bitrate"]}
{"session_id":"simulator-1747691436","fps":64.45680607472575,"latency_ms":47.46567954742186,"bitrate_kbps":3495.9036504720916,"outliers":["latency"]}
{"session_id":"simulator-1747691436","fps":62.84092566771945,"latency_ms":40.38697263295949,"bitrate_kbps":2977.255651772044,"outliers":["bitrate"]}
{"session_id":"simulator-1747691436","fps":57.02274397461271,"latency_ms":34.655216765006045,"bitrate_kbps":3439.9609700570018,"outliers":["fps"]}
{"session_id":"simulator-1747691436","fps":58.18994183961503,"latency_ms":39.802621400415376,"bitrate_kbps":2592.9538044309866,"outliers":["fps","bitrate"]}
{"session_id":"simulator-1747691436","fps":57.31739052712056,"latency_ms":47.264676510582625,"bitrate_kbps":3195.3917149227555,"outliers":["fps","latency"]}
{"session_id":"simulator-1747691436","fps":60.932455789660786,"latency_ms":33.05503768104676,"bitrate_kbps":3297.8438246590767}
{"session_id":"simulator-1747691436","fps":61.853799620131895,"latency_ms":48.34609125461671,"bitrate_kbps":3253.4712592261603,"outliers":["latency"]}
{"session_id":"simulator-1747691436","fps":58.75762800883196,"latency_ms":30.904054372147986,"bitrate_kbps":3343.3220802767755,"outliers":["fps"]}
{"session_id":"simulator-1747691436","fps":64.48518370953445,"latency_ms":39.23010088829759,"bitrate_kbps":3210.59910429332}
{"session_id":"simulator-1747691436","fps":60.93389837931063,"latency_ms":36.40901394499275,"bitrate_kbps":3026.2662892923186}
{"session_id":"simulator-1747691436","fps":58.71528573476258,"latency_ms":41.114902680354355,"bitrate_kbps":3064.2979086986243,"outliers":["fps"]}
{"session_id":"simulator-1747691436","fps":57.026418400163955,"latency_ms":42.513572753302434,"bitrate_kbps":3151.494380690959,"outliers":["fps"]}
{"session_id":"simulator-1747691436","fps":58.02730928142406,"latency_ms":48.31529014426188,"bitrate_kbps":3123.8555290738877,"outliers":["fps","latency"]}
{"session_id":"simulator-1747691436","fps":58.15620094907428,"latency_ms":33.79508324577003,"bitrate_kbps":2504.9936135558,"outliers":["fps","bitrate"]}
{"session_id":"simulator-1747691436","fps":58.675303544971904,"latency_ms":40.25274329647054,"bitrate_kbps":2908.57974063318,"outliers":["fps","bitrate"]}
{"session_id":"simulator-1747691436","fps":57.306367338117326,"latency_ms":36.310202560318956,"bitrate_kbps":3460.5079327889234,"outliers":["fps"]}
{"session_id":"simulator-1747691436","fps":55.95503383843333,"latency_ms":32.38716131104723,"bitrate_kbps":2513.99065747527,"outliers":["fps","bitrate"]}
{"session_id":"simulator-1747691436","fps":61.01141958111839,"latency_ms":45.1790097369709,"bitrate_kbps":2660.7171884532945,"outliers":["latency","bitrate"]}
{"session_id":"simulator-1747691436","fps":61.20709847310349,"latency_ms":49.07995240804028,"bitrate_kbps":3177.4632870325654,"outliers":["latency"]}
{"session_id":"simulator-1747691436","fps":62.71706301329341,"latency_ms":35.38163090795028,"bitrate_kbps":3037.8267287773706}
{"session_id":"simulator-1747691436","fps":61.62627273290287,"latency_ms":33.59029719422077,"bitrate_kbps":2823.052620492247,"outliers":["bitrate"]}
{"session_id":"simulator-1747691436","fps":63.76334209501038,"latency_ms":44.27446877649077,"bitrate_kbps":2913.935027370528,"outliers":["bitrate"]}
{"session_id":"simulator-1747691436","fps":64.47356764332919,"latency_ms":42.56638607935785,"bitrate_kbps":3186.936039254515}
{"session_id":"simulator-1747691436","fps":63.85039499104233,"latency_ms":44.494879471587495,"bitrate_kbps":2856.5301980923614,"outliers":["bitrate"]}
{"session_id":"simulator-1747691436","fps":55.69000259535245,"latency_ms":35.94943407334487,"bitrate_kbps":3236.7965876913745,"outliers":["fps"]}
{"session_id":"simulator-1747691436","fps":61.96049747365355,"latency_ms":43.72293388946992,"bitrate_kbps":2862.6356761580746,"outliers":["bitrate"]}
{"session_id":"simulator-1747691436","fps":57.49959510121482,"latency_ms":47.95531488258098,"bitrate_kbps":2807.136086229556,"outliers":["fps","latency","bitrate"]}
{"session_id":"simulator-1747691436","fps":60.36674990697816,"latency_ms":37.232094648370435,"bitrate_kbps":3178.363156609461}
{"session_id":"simulator-1747691436","fps":60.10844563294318,"latency_ms":34.99671181345415,"bitrate_kbps":3060.9194882241627}
{"session_id":"simulator-1747691436","fps":59.4994028233466,"latency_ms":48.08493746668703,"bitrate_kbps":3347.9545310237413,"outliers":["fps","latency"]}
{"session_id":"simulator-1747691436","fps":56.94844820722942,"latency_ms":33.25274734841646,"bitrate_kbps":2643.7309102596514,"outliers":["fps","bitrate"]}
{"session_id":"simulator-1747691436","fps":57.07853889446881,"latency_ms":38.77300696250764,"bitrate_kbps":2696.8776182852853,"outliers":["fps","bitrate"]}
{"session_id":"simulator-1747691436","fps":56.37238445135591,"latency_ms":48.030962957329535,"bitrate_kbps":2650.5197489733523,"outliers":["fps","latency","bitrate"]}
{"session_id":"simulator-1747691436","fps":55.28408849576238,"latency_ms":31.13382499035814,"bitrate_kbps":3091.394726358795,"outliers":["fps"]}
{"session_id":"simulator-1747691436","fps":57.70237021793872,"latency_ms":49.22798649576918,"bitrate_kbps":2794.9969250388676,"outliers":["fps","latency","bitrate"]}
{"session_id":"simulator-1747691436","fps":64.21128102117308,"latency_ms":45.749697599115336,"bitrate_kbps":2975.68843432982,"outliers":["latency","bitrate"]}
{"session_id":"simulator-1747691436","fps":56.808137757543605,"latency_ms":46.1871800862486,"bitrate_kbps":2919.2099881255454,"outliers":["fps","latency","bitrate"]}
{"session_id":"simulator-1747691436","fps":57.48791969030268,"latency_ms":35.81730200869738,"bitrate_kbps":2501.1193085753375,"outliers":["fps","bitrate"]}
{"session_id":"simulator-1747691436","fps":64.96629498410987,"latency_ms":31.274625559687323,"bitrate_kbps":3198.345954218684}
{"session_id":"simulator-1747691436","fps":64.43884790589574,"latency_ms":41.07952294212856,"bitrate_kbps":2512.383344429411,"outliers":["bitrate"]}
{"session_id":"simulator-1747691436","fps":64.77993123083002,"latency_ms":46.53700966496338,"bitrate_kbps":3489.145166862144,"outliers":["latency"]}
{"session_id":"simulator-1747691436","fps":61.3651285025487,"latency_ms":44.22294820105034,"bitrate_kbps":3171.3017121894595}
{"session_id":"simulator-1747691436","fps":63.86250449031104,"latency_ms":42.14025204430432,"bitrate_kbps":2886.205280658937,"outliers":["bitrate"]}
{"session_id":"simulator-1747691436","fps":60.482644143595216,"latency_ms":33.5452124119393,"bitrate_kbps":3174.0399316395196}
{"session_id":"simulator-1747691436","fps":63.83250796542991,"latency_ms":30.60715746670402,"bitrate_kbps":2680.8122360691423,"outliers":["bitrate"]}
{"session_id":"simulator-1747691436","fps":59.72509779619926,"latency_ms":34.33806855913125,"bitrate_kbps":2776.529648324462,"outliers":["fps","bitrate"]}
{"session_id":"simulator-1747691436","fps":63.06194062280136,"latency_ms":42.80148486513262,"bitrate_kbps":2892.596338900551,"outliers":["bitrate"]}
{"session_id":"simulator-1747691436","fps":59.613674794531555,"latency_ms":40.16398386565484,