{"session_id":"simulator-1747691880","fps":58.135632924422005,"latency_ms":49.30219985500596,"bitrate_kbps":2543.5530138350355,"outliers":["latency","bitrate"]}
{"session_id":"simulator-1747691880","fps":57.81676291359929,"latency_ms":40.35476178999853,"bitrate_kbps":3481.20283623492}
{"session_id":"simulator-1747691880","fps":62.74001038436245,"latency_ms":33.00852475917233,"bitrate_kbps":2666.5717809116572,"outliers":["bitrate"]}
{"session_id":"simulator-1747691880","fps":57.76376706806949,"latency_ms":37.699877744291655,"bitrate_kbps":2630.184648886408,"outliers":["bitrate"]}
{"session_id":"simulator-1747691880","fps":61.898037508434356,"latency_ms":48.34698672693404,"bitrate_kbps":3083.7728020722634,"outliers":["latency"]}
{"session_id":"simulator-1747691880","fps":55.92467038044695,"latency_ms":37.89601105844511,"bitrate_kbps":3200.862722287617}
{"session_id":"simulator-1747691880","fps":57.45295015438057,"latency_ms":35.282446681826265,"bitrate_kbps":2942.3726747212227,"outliers":["bitrate"]}
{"session_id":"simulator-1747691880","fps":59.19276358663848,"latency_ms":33.53199971603449,"bitrate_kbps":2829.3127515341603,"outliers":["bitrate"]}
{"session_id":"simulator-1747691880","fps":59.228005057424106,"latency_ms":49.926276701891155,"bitrate_kbps":2588.4548346183983,"outliers":["latency","bitrate"]}
{"session_id":"simulator-1747691880","fps":61.25607966143752,"latency_ms":32.583905058104286,"bitrate_kbps":2969.74591989049,"outliers":["bitrate"]}
{"session_id":"simulator-1747691880","fps":57.717909702476724,"latency_ms":43.249067789673845,"bitrate_kbps":2678.089785619396,"outliers":["bitrate"]}
{"session_id":"simulator-1747691880","fps":63.04971417916679,"latency_ms":43.723622800888286,"bitrate_kbps":3288.1712371227004}
