{"session_id":"simulator-1747703415","fps":51.66548321645624,"latency_ms":67.7940370158031,"bitrate_kbps":1727.0792478049168,"resolution":"480p","bandwidth_mbps":3.4228495001351917,"outliers":["bitrate"]}
{"session_id":"simulator-1747703415","fps":60.9909615681631,"latency_ms":37.69018827804337,"bitrate_kbps":8795.176430393749,"resolution":"1440p","bandwidth_mbps":24.37421141806704}
{"session_id":"simulator-1747703415","fps":64.45661418117916,"latency_ms":57.04336125948538,"bitrate_kbps":5696.162679304167,"resolution":"1080p","bandwidth_mbps":9.323185462027382}
{"session_id":"simulator-1747703415","fps":63.995112360907534,"latency_ms":40.012877720952005,"bitrate_kbps":15016.914700273963,"resolution":"4K","bandwidth_mbps":32.182274209974715}
{"session_id":"simulator-1747703415","fps":57.770813992951105,"latency_ms":71.47705820527791,"bitrate_kbps":3076.383188316873,"resolution":"720p","bandwidth_mbps":4.664152941459932}
{"session_id":"simulator-1747703415","fps":64.92061667504763,"latency_ms":102.98687224946538,"bitrate_kbps":5135.389726379131,"resolution":"1080p","bandwidth_mbps":8.456599493861088,"outliers":["latency"]}
{"session_id":"simulator-1747703415","fps":64.69964343902645,"latency_ms":96.19388325375512,"bitrate_kbps":8476.519582515628,"resolution":"1440p","bandwidth_mbps":15.510608215749123}
{"session_id":"simulator-1747703415","fps":51.1578507778838,"latency_ms":85.50191258848106,"bitrate_kbps":1777.316919882616,"resolution":"480p","bandwidth_mbps":3.9664093975941626,"outliers":["bitrate"]}
{"session_id":"simulator-1747703415","fps":61.37635571043638,"latency_ms":106.02536798589037,"bitrate_kbps":15077.042553914025,"resolution":"4K","bandwidth_mbps":29.599365008955182,"outliers":["latency"]}
{"session_id":"simulator-1747703415","fps":60.40983886520788,"latency_ms":106.09735789136857,"bitrate_kbps":5359.2770022725545,"resolution":"1080p","bandwidth_mbps":9.784606610453885,"outliers":["latency"]}
{"session_id":"simulator-1747703415","fps":64.34656024586273,"latency_ms":92.10272808995688,"bitrate_kbps":5073.268836249585,"resolution":"1080p","bandwidth_mbps":8.611061831807266}
{"session_id":"simulator-1747703415","fps":64.16676707008227,"latency_ms":54.95488365503459,"bitrate_kbps":8980.103893497624,"resolution":"1440p","bandwidth_mbps":17.288383726076468}
{"session_id":"simulator-1747703415","fps":60.06391722251082,"latency_ms":85.05190979913095,"bitrate_kbps":5665.707735244958,"resolution":"1080p","bandwidth_mbps":12.876461815698448}
{"session_id":"simulator-1747703415","fps":62.24235927068442,"latency_ms":31.417534684590724,"bitrate_kbps":15194.160330574854,"resolution":"4K","bandwidth_mbps":28.7917542298244,"outliers":["latency"]}
{"session_id":"simulator-1747703415","fps":52.45514013412911,"latency_ms":65.91481662870592,"bitrate_kbps":1987.8361851813913,"resolution":"480p","bandwidth_mbps":3.284837833198632,"outliers":["bitrate"]}
{"session_id":"simulator-1747703415","fps":61.94963259602145,"latency_ms":104.69869921363562,"bitrate_kbps":5813.035712141759,"resolution":"1080p","bandwidth_mbps":12.283134695650087,"outliers":["latency"]}
{"session_id":"simulator-1747703415","fps":61.51798903391112,"latency_ms":89.15336806280935,"bitrate_kbps":5317.53665864595,"resolution":"1080p","bandwidth_mbps":11.868252842981324}
{"session_id":"simulator-1747703415","fps":63.16514734863708,"latency_ms":109.64435504131085,"bitrate_kbps":15536.436577807275,"resolution":"4K","bandwidth_mbps":32.98956912097433,"outliers":["latency"]}
{"session_id":"simulator-1747703415","fps":60.73302303154453,"latency_ms":72.0252351022496,"bitrate_kbps":5346.030350758099,"resolution":"1080p","bandwidth_mbps":9.379105867441972}
